product_id,image_url,thumbnail_url,thumbnails,image_order
0203bd95-c99a-4dd6-92f4-929d4c941ef1,https://clbngnjetipglkikondm.supabase.co/storage/v1/object/public/product-images/e9029faf-6c7a-44b9-80f2-e33bbef06948/0203bd95-c99a-4dd6-92f4-929d4c941ef1/1754164736036_th__41_.jpg,,"{""mobile"": ""https://clbngnjetipglkikondm.supabase.co/storage/v1/object/public/product-images-thumbnails/e9029faf-6c7a-44b9-80f2-e33bbef06948/0203bd95-c99a-4dd6-92f4-929d4c941ef1/1754164736036_mobile_190x153.jpg"", ""tablet"": ""https://clbngnjetipglkikondm.supabase.co/storage/v1/object/public/product-images-thumbnails/e9029faf-6c7a-44b9-80f2-e33bbef06948/0203bd95-c99a-4dd6-92f4-929d4c941ef1/1754164736036_tablet_300x230.jpg"", ""desktop"": ""https://clbngnjetipglkikondm.supabase.co/storage/v1/object/public/product-images-thumbnails/e9029faf-6c7a-44b9-80f2-e33bbef06948/0203bd95-c99a-4dd6-92f4-929d4c941ef1/1754164736036_desktop_320x260.jpg"", ""minithumb"": ""https://clbngnjetipglkikondm.supabase.co/storage/v1/object/public/product-images-thumbnails/e9029faf-6c7a-44b9-80f2-e33bbef06948/0203bd95-c99a-4dd6-92f4-929d4c941ef1/1754164736036_minithumb_40x40.jpg""}",0
0203bd95-c99a-4dd6-92f4-929d4c941ef1,https://clbngnjetipglkikondm.supabase.co/storage/v1/object/public/product-images/e9029faf-6c7a-44b9-80f2-e33bbef06948/0203bd95-c99a-4dd6-92f4-929d4c941ef1/1754164736036_th__43_.jpg,,"{""mobile"": ""https://clbngnjetipglkikondm.supabase.co/storage/v1/object/public/product-images-thumbnails/e9029faf-6c7a-44b9-80f2-e33bbef06948/0203bd95-c99a-4dd6-92f4-929d4c941ef1/1754164736036_mobile_190x153.jpg"", ""tablet"": ""https://clbngnjetipglkikondm.supabase.co/storage/v1/object/public/product-images-thumbnails/e9029faf-6c7a-44b9-80f2-e33bbef06948/0203bd95-c99a-4dd6-92f4-929d4c941ef1/1754164736036_tablet_300x230.jpg"", ""desktop"": ""https://clbngnjetipglkikondm.supabase.co/storage/v1/object/public/product-images-thumbnails/e9029faf-6c7a-44b9-80f2-e33bbef06948/0203bd95-c99a-4dd6-92f4-929d4c941ef1/1754164736036_desktop_320x260.jpg"", ""minithumb"": ""https://clbngnjetipglkikondm.supabase.co/storage/v1/object/public/product-images-thumbnails/e9029faf-6c7a-44b9-80f2-e33bbef06948/0203bd95-c99a-4dd6-92f4-929d4c941ef1/1754164736036_minithumb_40x40.jpg""}",0
0203bd95-c99a-4dd6-92f4-929d4c941ef1,https://clbngnjetipglkikondm.supabase.co/storage/v1/object/public/product-images/e9029faf-6c7a-44b9-80f2-e33bbef06948/0203bd95-c99a-4dd6-92f4-929d4c941ef1/1754164736036_th__42_.jpg,,"{""mobile"": ""https://clbngnjetipglkikondm.supabase.co/storage/v1/object/public/product-images-thumbnails/e9029faf-6c7a-44b9-80f2-e33bbef06948/0203bd95-c99a-4dd6-92f4-929d4c941ef1/1754164736036_mobile_190x153.jpg"", ""tablet"": ""https://clbngnjetipglkikondm.supabase.co/storage/v1/object/public/product-images-thumbnails/e9029faf-6c7a-44b9-80f2-e33bbef06948/0203bd95-c99a-4dd6-92f4-929d4c941ef1/1754164736036_tablet_300x230.jpg"", ""desktop"": ""https://clbngnjetipglkikondm.supabase.co/storage/v1/object/public/product-images-thumbnails/e9029faf-6c7a-44b9-80f2-e33bbef06948/0203bd95-c99a-4dd6-92f4-929d4c941ef1/1754164736036_desktop_320x260.jpg"", ""minithumb"": ""https://clbngnjetipglkikondm.supabase.co/storage/v1/object/public/product-images-thumbnails/e9029faf-6c7a-44b9-80f2-e33bbef06948/0203bd95-c99a-4dd6-92f4-929d4c941ef1/1754164736036_minithumb_40x40.jpg""}",0
0203bd95-c99a-4dd6-92f4-929d4c941ef1,https://clbngnjetipglkikondm.supabase.co/storage/v1/object/public/product-images/e9029faf-6c7a-44b9-80f2-e33bbef06948/0203bd95-c99a-4dd6-92f4-929d4c941ef1/1754164736036_th.jpg,,"{""mobile"": ""https://clbngnjetipglkikondm.supabase.co/storage/v1/object/public/product-images-thumbnails/e9029faf-6c7a-44b9-80f2-e33bbef06948/0203bd95-c99a-4dd6-92f4-929d4c941ef1/1754164736036_mobile_190x153.jpg"", ""tablet"": ""https://clbngnjetipglkikondm.supabase.co/storage/v1/object/public/product-images-thumbnails/e9029faf-6c7a-44b9-80f2-e33bbef06948/0203bd95-c99a-4dd6-92f4-929d4c941ef1/1754164736036_tablet_300x230.jpg"", ""desktop"": ""https://clbngnjetipglkikondm.supabase.co/storage/v1/object/public/product-images-thumbnails/e9029faf-6c7a-44b9-80f2-e33bbef06948/0203bd95-c99a-4dd6-92f4-929d4c941ef1/1754164736036_desktop_320x260.jpg"", ""minithumb"": ""https://clbngnjetipglkikondm.supabase.co/storage/v1/object/public/product-images-thumbnails/e9029faf-6c7a-44b9-80f2-e33bbef06948/0203bd95-c99a-4dd6-92f4-929d4c941ef1/1754164736036_minithumb_40x40.jpg""}",0
0203bd95-c99a-4dd6-92f4-929d4c941ef1,https://clbngnjetipglkikondm.supabase.co/storage/v1/object/public/product-images/e9029faf-6c7a-44b9-80f2-e33bbef06948/0203bd95-c99a-4dd6-92f4-929d4c941ef1/1754164736036_th__39_.jpg,,"{""mobile"": ""https://clbngnjetipglkikondm.supabase.co/storage/v1/object/public/product-images-thumbnails/e9029faf-6c7a-44b9-80f2-e33bbef06948/0203bd95-c99a-4dd6-92f4-929d4c941ef1/1754164736036_mobile_190x153.jpg"", ""tablet"": ""https://clbngnjetipglkikondm.supabase.co/storage/v1/object/public/product-images-thumbnails/e9029faf-6c7a-44b9-80f2-e33bbef06948/0203bd95-c99a-4dd6-92f4-929d4c941ef1/1754164736036_tablet_300x230.jpg"", ""desktop"": ""https://clbngnjetipglkikondm.supabase.co/storage/v1/object/public/product-images-thumbnails/e9029faf-6c7a-44b9-80f2-e33bbef06948/0203bd95-c99a-4dd6-92f4-929d4c941ef1/1754164736036_desktop_320x260.jpg"", ""minithumb"": ""https://clbngnjetipglkikondm.supabase.co/storage/v1/object/public/product-images-thumbnails/e9029faf-6c7a-44b9-80f2-e33bbef06948/0203bd95-c99a-4dd6-92f4-929d4c941ef1/1754164736036_minithumb_40x40.jpg""}",0
0d03e5b0-a2bf-4818-b571-8f1c95861228,https://clbngnjetipglkikondm.supabase.co/storage/v1/object/public/product-images/e9029faf-6c7a-44b9-80f2-e33bbef06948/0d03e5b0-a2bf-4818-b571-8f1c95861228/1753842233796_th__2_.jpg,,"{""mobile"": ""https://clbngnjetipglkikondm.supabase.co/storage/v1/object/public/product-images-thumbnails/e9029faf-6c7a-44b9-80f2-e33bbef06948/0d03e5b0-a2bf-4818-b571-8f1c95861228/1753842233796_mobile_190x153.jpg"", ""tablet"": ""https://clbngnjetipglkikondm.supabase.co/storage/v1/object/public/product-images-thumbnails/e9029faf-6c7a-44b9-80f2-e33bbef06948/0d03e5b0-a2bf-4818-b571-8f1c95861228/1753842233796_tablet_300x230.jpg"", ""desktop"": ""https://clbngnjetipglkikondm.supabase.co/storage/v1/object/public/product-images-thumbnails/e9029faf-6c7a-44b9-80f2-e33bbef06948/0d03e5b0-a2bf-4818-b571-8f1c95861228/1753842233796_desktop_320x260.jpg"", ""minithumb"": ""https://clbngnjetipglkikondm.supabase.co/storage/v1/object/public/product-images-thumbnails/e9029faf-6c7a-44b9-80f2-e33bbef06948/0d03e5b0-a2bf-4818-b571-8f1c95861228/1753842233796_minithumb_40x40.jpg""}",0
12001566-ee8e-4ce3-be8d-ffa5ba229b78,https://clbngnjetipglkikondm.supabase.co/storage/v1/object/public/product-images/771c0da4-19f7-4d44-a29d-3f347621b893/12001566-ee8e-4ce3-be8d-ffa5ba229b78/1755201125914_Calefont2.png,,"{""mobile"": ""https://clbngnjetipglkikondm.supabase.co/storage/v1/object/public/product-images-thumbnails/771c0da4-19f7-4d44-a29d-3f347621b893/12001566-ee8e-4ce3-be8d-ffa5ba229b78/1755201125914_mobile_190x153.jpg"", ""tablet"": ""https://clbngnjetipglkikondm.supabase.co/storage/v1/object/public/product-images-thumbnails/771c0da4-19f7-4d44-a29d-3f347621b893/12001566-ee8e-4ce3-be8d-ffa5ba229b78/1755201125914_tablet_300x230.jpg"", ""desktop"": ""https://clbngnjetipglkikondm.supabase.co/storage/v1/object/public/product-images-thumbnails/771c0da4-19f7-4d44-a29d-3f347621b893/12001566-ee8e-4ce3-be8d-ffa5ba229b78/1755201125914_desktop_320x260.jpg"", ""minithumb"": ""https://clbngnjetipglkikondm.supabase.co/storage/v1/object/public/product-images-thumbnails/771c0da4-19f7-4d44-a29d-3f347621b893/12001566-ee8e-4ce3-be8d-ffa5ba229b78/1755201125914_minithumb_40x40.jpg""}",0
17b8ac47-f830-44f8-b15a-fb285b300301,https://clbngnjetipglkikondm.supabase.co/storage/v1/object/public/product-images/20e7a348-66b6-4824-b059-2c67c5e6a49c/17b8ac47-f830-44f8-b15a-fb285b300301/1754006865604_Screenshot_2025-06-04_213428.png,,"{""mobile"": ""https://clbngnjetipglkikondm.supabase.co/storage/v1/object/public/product-images-thumbnails/20e7a348-66b6-4824-b059-2c67c5e6a49c/17b8ac47-f830-44f8-b15a-fb285b300301/1754006865604_mobile_190x153.jpg"", ""tablet"": ""https://clbngnjetipglkikondm.supabase.co/storage/v1/object/public/product-images-thumbnails/20e7a348-66b6-4824-b059-2c67c5e6a49c/17b8ac47-f830-44f8-b15a-fb285b300301/1754006865604_tablet_300x230.jpg"", ""desktop"": ""https://clbngnjetipglkikondm.supabase.co/storage/v1/object/public/product-images-thumbnails/20e7a348-66b6-4824-b059-2c67c5e6a49c/17b8ac47-f830-44f8-b15a-fb285b300301/1754006865604_desktop_320x260.jpg"", ""minithumb"": ""https://clbngnjetipglkikondm.supabase.co/storage/v1/object/public/product-images-thumbnails/20e7a348-66b6-4824-b059-2c67c5e6a49c/17b8ac47-f830-44f8-b15a-fb285b300301/1754006865604_minithumb_40x40.jpg""}",0
33fee970-39c3-4c72-afe5-c44714a47f7c,https://clbngnjetipglkikondm.supabase.co/storage/v1/object/public/product-images/e9029faf-6c7a-44b9-80f2-e33bbef06948/33fee970-39c3-4c72-afe5-c44714a47f7c/1754092851720_th__39_.jpg,,"{""mobile"": ""https://clbngnjetipglkikondm.supabase.co/storage/v1/object/public/product-images-thumbnails/e9029faf-6c7a-44b9-80f2-e33bbef06948/33fee970-39c3-4c72-afe5-c44714a47f7c/1754092851720_mobile_190x153.jpg"", ""tablet"": ""https://clbngnjetipglkikondm.supabase.co/storage/v1/object/public/product-images-thumbnails/e9029faf-6c7a-44b9-80f2-e33bbef06948/33fee970-39c3-4c72-afe5-c44714a47f7c/1754092851720_tablet_300x230.jpg"", ""desktop"": ""https://clbngnjetipglkikondm.supabase.co/storage/v1/object/public/product-images-thumbnails/e9029faf-6c7a-44b9-80f2-e33bbef06948/33fee970-39c3-4c72-afe5-c44714a47f7c/1754092851720_desktop_320x260.jpg"", ""minithumb"": ""https://clbngnjetipglkikondm.supabase.co/storage/v1/object/public/product-images-thumbnails/e9029faf-6c7a-44b9-80f2-e33bbef06948/33fee970-39c3-4c72-afe5-c44714a47f7c/1754092851720_minithumb_40x40.jpg""}",0
355e4375-7b66-4623-b196-c685fc864669,https://clbngnjetipglkikondm.supabase.co/storage/v1/object/public/product-images/e9029faf-6c7a-44b9-80f2-e33bbef06948/355e4375-7b66-4623-b196-c685fc864669/1754172385896_th__26_.jpg,,"{""mobile"": ""https://clbngnjetipglkikondm.supabase.co/storage/v1/object/public/product-images-thumbnails/e9029faf-6c7a-44b9-80f2-e33bbef06948/355e4375-7b66-4623-b196-c685fc864669/1754172385896_mobile_190x153.jpg"", ""tablet"": ""https://clbngnjetipglkikondm.supabase.co/storage/v1/object/public/product-images-thumbnails/e9029faf-6c7a-44b9-80f2-e33bbef06948/355e4375-7b66-4623-b196-c685fc864669/1754172385896_tablet_300x230.jpg"", ""desktop"": ""https://clbngnjetipglkikondm.supabase.co/storage/v1/object/public/product-images-thumbnails/e9029faf-6c7a-44b9-80f2-e33bbef06948/355e4375-7b66-4623-b196-c685fc864669/1754172385896_desktop_320x260.jpg"", ""minithumb"": ""https://clbngnjetipglkikondm.supabase.co/storage/v1/object/public/product-images-thumbnails/e9029faf-6c7a-44b9-80f2-e33bbef06948/355e4375-7b66-4623-b196-c685fc864669/1754172385896_minithumb_40x40.jpg""}",0
355e4375-7b66-4623-b196-c685fc864669,https://clbngnjetipglkikondm.supabase.co/storage/v1/object/public/product-images/e9029faf-6c7a-44b9-80f2-e33bbef06948/355e4375-7b66-4623-b196-c685fc864669/1754172385896_th__26_.jpg,,"{""mobile"": ""https://clbngnjetipglkikondm.supabase.co/storage/v1/object/public/product-images-thumbnails/e9029faf-6c7a-44b9-80f2-e33bbef06948/355e4375-7b66-4623-b196-c685fc864669/1754172385896_mobile_190x153.jpg"", ""tablet"": ""https://clbngnjetipglkikondm.supabase.co/storage/v1/object/public/product-images-thumbnails/e9029faf-6c7a-44b9-80f2-e33bbef06948/355e4375-7b66-4623-b196-c685fc864669/1754172385896_tablet_300x230.jpg"", ""desktop"": ""https://clbngnjetipglkikondm.supabase.co/storage/v1/object/public/product-images-thumbnails/e9029faf-6c7a-44b9-80f2-e33bbef06948/355e4375-7b66-4623-b196-c685fc864669/1754172385896_desktop_320x260.jpg"", ""minithumb"": ""https://clbngnjetipglkikondm.supabase.co/storage/v1/object/public/product-images-thumbnails/e9029faf-6c7a-44b9-80f2-e33bbef06948/355e4375-7b66-4623-b196-c685fc864669/1754172385896_minithumb_40x40.jpg""}",0
355e4375-7b66-4623-b196-c685fc864669,https://clbngnjetipglkikondm.supabase.co/storage/v1/object/public/product-images/e9029faf-6c7a-44b9-80f2-e33bbef06948/355e4375-7b66-4623-b196-c685fc864669/1754172385896_th__17_.jpg,,"{""mobile"": ""https://clbngnjetipglkikondm.supabase.co/storage/v1/object/public/product-images-thumbnails/e9029faf-6c7a-44b9-80f2-e33bbef06948/355e4375-7b66-4623-b196-c685fc864669/1754172385896_mobile_190x153.jpg"", ""tablet"": ""https://clbngnjetipglkikondm.supabase.co/storage/v1/object/public/product-images-thumbnails/e9029faf-6c7a-44b9-80f2-e33bbef06948/355e4375-7b66-4623-b196-c685fc864669/1754172385896_tablet_300x230.jpg"", ""desktop"": ""https://clbngnjetipglkikondm.supabase.co/storage/v1/object/public/product-images-thumbnails/e9029faf-6c7a-44b9-80f2-e33bbef06948/355e4375-7b66-4623-b196-c685fc864669/1754172385896_desktop_320x260.jpg"", ""minithumb"": ""https://clbngnjetipglkikondm.supabase.co/storage/v1/object/public/product-images-thumbnails/e9029faf-6c7a-44b9-80f2-e33bbef06948/355e4375-7b66-4623-b196-c685fc864669/1754172385896_minithumb_40x40.jpg""}",0
355e4375-7b66-4623-b196-c685fc864669,https://clbngnjetipglkikondm.supabase.co/storage/v1/object/public/product-images/e9029faf-6c7a-44b9-80f2-e33bbef06948/355e4375-7b66-4623-b196-c685fc864669/1754172385896_th__18_.jpg,,"{""mobile"": ""https://clbngnjetipglkikondm.supabase.co/storage/v1/object/public/product-images-thumbnails/e9029faf-6c7a-44b9-80f2-e33bbef06948/355e4375-7b66-4623-b196-c685fc864669/1754172385896_mobile_190x153.jpg"", ""tablet"": ""https://clbngnjetipglkikondm.supabase.co/storage/v1/object/public/product-images-thumbnails/e9029faf-6c7a-44b9-80f2-e33bbef06948/355e4375-7b66-4623-b196-c685fc864669/1754172385896_tablet_300x230.jpg"", ""desktop"": ""https://clbngnjetipglkikondm.supabase.co/storage/v1/object/public/product-images-thumbnails/e9029faf-6c7a-44b9-80f2-e33bbef06948/355e4375-7b66-4623-b196-c685fc864669/1754172385896_desktop_320x260.jpg"", ""minithumb"": ""https://clbngnjetipglkikondm.supabase.co/storage/v1/object/public/product-images-thumbnails/e9029faf-6c7a-44b9-80f2-e33bbef06948/355e4375-7b66-4623-b196-c685fc864669/1754172385896_minithumb_40x40.jpg""}",0
355e4375-7b66-4623-b196-c685fc864669,https://clbngnjetipglkikondm.supabase.co/storage/v1/object/public/product-images/e9029faf-6c7a-44b9-80f2-e33bbef06948/355e4375-7b66-4623-b196-c685fc864669/1754172385896_th__28_.jpg,,"{""mobile"": ""https://clbngnjetipglkikondm.supabase.co/storage/v1/object/public/product-images-thumbnails/e9029faf-6c7a-44b9-80f2-e33bbef06948/355e4375-7b66-4623-b196-c685fc864669/1754172385896_mobile_190x153.jpg"", ""tablet"": ""https://clbngnjetipglkikondm.supabase.co/storage/v1/object/public/product-images-thumbnails/e9029faf-6c7a-44b9-80f2-e33bbef06948/355e4375-7b66-4623-b196-c685fc864669/1754172385896_tablet_300x230.jpg"", ""desktop"": ""https://clbngnjetipglkikondm.supabase.co/storage/v1/object/public/product-images-thumbnails/e9029faf-6c7a-44b9-80f2-e33bbef06948/355e4375-7b66-4623-b196-c685fc864669/1754172385896_desktop_320x260.jpg"", ""minithumb"": ""https://clbngnjetipglkikondm.supabase.co/storage/v1/object/public/product-images-thumbnails/e9029faf-6c7a-44b9-80f2-e33bbef06948/355e4375-7b66-4623-b196-c685fc864669/1754172385896_minithumb_40x40.jpg""}",0
373a3739-780d-4f76-9919-ae7f91b4b624,https://clbngnjetipglkikondm.supabase.co/storage/v1/object/public/product-images/e9029faf-6c7a-44b9-80f2-e33bbef06948/373a3739-780d-4f76-9919-ae7f91b4b624/1754142327109_th__11_.jpg,,"{""mobile"": ""https://clbngnjetipglkikondm.supabase.co/storage/v1/object/public/product-images-thumbnails/e9029faf-6c7a-44b9-80f2-e33bbef06948/373a3739-780d-4f76-9919-ae7f91b4b624/1754142327109_mobile_190x153.jpg"", ""tablet"": ""https://clbngnjetipglkikondm.supabase.co/storage/v1/object/public/product-images-thumbnails/e9029faf-6c7a-44b9-80f2-e33bbef06948/373a3739-780d-4f76-9919-ae7f91b4b624/1754142327109_tablet_300x230.jpg"", ""desktop"": ""https://clbngnjetipglkikondm.supabase.co/storage/v1/object/public/product-images-thumbnails/e9029faf-6c7a-44b9-80f2-e33bbef06948/373a3739-780d-4f76-9919-ae7f91b4b624/1754142327109_desktop_320x260.jpg"", ""minithumb"": ""https://clbngnjetipglkikondm.supabase.co/storage/v1/object/public/product-images-thumbnails/e9029faf-6c7a-44b9-80f2-e33bbef06948/373a3739-780d-4f76-9919-ae7f91b4b624/1754142327109_minithumb_40x40.jpg""}",0
373a3739-780d-4f76-9919-ae7f91b4b624,https://clbngnjetipglkikondm.supabase.co/storage/v1/object/public/product-images/e9029faf-6c7a-44b9-80f2-e33bbef06948/373a3739-780d-4f76-9919-ae7f91b4b624/1754142327109_th__39_.jpg,,"{""mobile"": ""https://clbngnjetipglkikondm.supabase.co/storage/v1/object/public/product-images-thumbnails/e9029faf-6c7a-44b9-80f2-e33bbef06948/373a3739-780d-4f76-9919-ae7f91b4b624/1754142327109_mobile_190x153.jpg"", ""tablet"": ""https://clbngnjetipglkikondm.supabase.co/storage/v1/object/public/product-images-thumbnails/e9029faf-6c7a-44b9-80f2-e33bbef06948/373a3739-780d-4f76-9919-ae7f91b4b624/1754142327109_tablet_300x230.jpg"", ""desktop"": ""https://clbngnjetipglkikondm.supabase.co/storage/v1/object/public/product-images-thumbnails/e9029faf-6c7a-44b9-80f2-e33bbef06948/373a3739-780d-4f76-9919-ae7f91b4b624/1754142327109_desktop_320x260.jpg"", ""minithumb"": ""https://clbngnjetipglkikondm.supabase.co/storage/v1/object/public/product-images-thumbnails/e9029faf-6c7a-44b9-80f2-e33bbef06948/373a3739-780d-4f76-9919-ae7f91b4b624/1754142327109_minithumb_40x40.jpg""}",0
3b06537d-7520-46ee-a2c4-321320b2518b,https://clbngnjetipglkikondm.supabase.co/storage/v1/object/public/product-images/771c0da4-19f7-4d44-a29d-3f347621b893/3b06537d-7520-46ee-a2c4-321320b2518b/1755133229551_Int_Sept24.png,,"{""mobile"": ""https://clbngnjetipglkikondm.supabase.co/storage/v1/object/public/product-images-thumbnails/771c0da4-19f7-4d44-a29d-3f347621b893/3b06537d-7520-46ee-a2c4-321320b2518b/1755133229551_mobile_190x153.jpg"", ""tablet"": ""https://clbngnjetipglkikondm.supabase.co/storage/v1/object/public/product-images-thumbnails/771c0da4-19f7-4d44-a29d-3f347621b893/3b06537d-7520-46ee-a2c4-321320b2518b/1755133229551_tablet_300x230.jpg"", ""desktop"": ""https://clbngnjetipglkikondm.supabase.co/storage/v1/object/public/product-images-thumbnails/771c0da4-19f7-4d44-a29d-3f347621b893/3b06537d-7520-46ee-a2c4-321320b2518b/1755133229551_desktop_320x260.jpg"", ""minithumb"": ""https://clbngnjetipglkikondm.supabase.co/storage/v1/object/public/product-images-thumbnails/771c0da4-19f7-4d44-a29d-3f347621b893/3b06537d-7520-46ee-a2c4-321320b2518b/1755133229551_minithumb_40x40.jpg""}",0
4235e995-8c66-4c29-9ccd-021b247500f9,https://clbngnjetipglkikondm.supabase.co/storage/v1/object/public/product-images/e9029faf-6c7a-44b9-80f2-e33bbef06948/4235e995-8c66-4c29-9ccd-021b247500f9/1754004237268_th__40_.jpg,,"{""mobile"": ""https://clbngnjetipglkikondm.supabase.co/storage/v1/object/public/product-images-thumbnails/e9029faf-6c7a-44b9-80f2-e33bbef06948/4235e995-8c66-4c29-9ccd-021b247500f9/1754004237268_mobile_190x153.jpg"", ""tablet"": ""https://clbngnjetipglkikondm.supabase.co/storage/v1/object/public/product-images-thumbnails/e9029faf-6c7a-44b9-80f2-e33bbef06948/4235e995-8c66-4c29-9ccd-021b247500f9/1754004237268_tablet_300x230.jpg"", ""desktop"": ""https://clbngnjetipglkikondm.supabase.co/storage/v1/object/public/product-images-thumbnails/e9029faf-6c7a-44b9-80f2-e33bbef06948/4235e995-8c66-4c29-9ccd-021b247500f9/1754004237268_desktop_320x260.jpg"", ""minithumb"": ""https://clbngnjetipglkikondm.supabase.co/storage/v1/object/public/product-images-thumbnails/e9029faf-6c7a-44b9-80f2-e33bbef06948/4235e995-8c66-4c29-9ccd-021b247500f9/1754004237268_minithumb_40x40.jpg""}",0
53078fa4-39b2-4da0-be78-8f2f1bb26552,https://clbngnjetipglkikondm.supabase.co/storage/v1/object/public/product-images/e9029faf-6c7a-44b9-80f2-e33bbef06948/53078fa4-39b2-4da0-be78-8f2f1bb26552/1754142506058_th__23_.jpg,,"{""mobile"": ""https://clbngnjetipglkikondm.supabase.co/storage/v1/object/public/product-images-thumbnails/e9029faf-6c7a-44b9-80f2-e33bbef06948/53078fa4-39b2-4da0-be78-8f2f1bb26552/1754142506058_mobile_190x153.jpg"", ""tablet"": ""https://clbngnjetipglkikondm.supabase.co/storage/v1/object/public/product-images-thumbnails/e9029faf-6c7a-44b9-80f2-e33bbef06948/53078fa4-39b2-4da0-be78-8f2f1bb26552/1754142506058_tablet_300x230.jpg"", ""desktop"": ""https://clbngnjetipglkikondm.supabase.co/storage/v1/object/public/product-images-thumbnails/e9029faf-6c7a-44b9-80f2-e33bbef06948/53078fa4-39b2-4da0-be78-8f2f1bb26552/1754142506058_desktop_320x260.jpg"", ""minithumb"": ""https://clbngnjetipglkikondm.supabase.co/storage/v1/object/public/product-images-thumbnails/e9029faf-6c7a-44b9-80f2-e33bbef06948/53078fa4-39b2-4da0-be78-8f2f1bb26552/1754142506058_minithumb_40x40.jpg""}",0
53078fa4-39b2-4da0-be78-8f2f1bb26552,https://clbngnjetipglkikondm.supabase.co/storage/v1/object/public/product-images/e9029faf-6c7a-44b9-80f2-e33bbef06948/53078fa4-39b2-4da0-be78-8f2f1bb26552/1754142506058_th__5_.jpg,,"{""mobile"": ""https://clbngnjetipglkikondm.supabase.co/storage/v1/object/public/product-images-thumbnails/e9029faf-6c7a-44b9-80f2-e33bbef06948/53078fa4-39b2-4da0-be78-8f2f1bb26552/1754142506058_mobile_190x153.jpg"", ""tablet"": ""https://clbngnjetipglkikondm.supabase.co/storage/v1/object/public/product-images-thumbnails/e9029faf-6c7a-44b9-80f2-e33bbef06948/53078fa4-39b2-4da0-be78-8f2f1bb26552/1754142506058_tablet_300x230.jpg"", ""desktop"": ""https://clbngnjetipglkikondm.supabase.co/storage/v1/object/public/product-images-thumbnails/e9029faf-6c7a-44b9-80f2-e33bbef06948/53078fa4-39b2-4da0-be78-8f2f1bb26552/1754142506058_desktop_320x260.jpg"", ""minithumb"": ""https://clbngnjetipglkikondm.supabase.co/storage/v1/object/public/product-images-thumbnails/e9029faf-6c7a-44b9-80f2-e33bbef06948/53078fa4-39b2-4da0-be78-8f2f1bb26552/1754142506058_minithumb_40x40.jpg""}",0
53078fa4-39b2-4da0-be78-8f2f1bb26552,https://clbngnjetipglkikondm.supabase.co/storage/v1/object/public/product-images/e9029faf-6c7a-44b9-80f2-e33bbef06948/53078fa4-39b2-4da0-be78-8f2f1bb26552/1754142506058_th__4_.jpg,,"{""mobile"": ""https://clbngnjetipglkikondm.supabase.co/storage/v1/object/public/product-images-thumbnails/e9029faf-6c7a-44b9-80f2-e33bbef06948/53078fa4-39b2-4da0-be78-8f2f1bb26552/1754142506058_mobile_190x153.jpg"", ""tablet"": ""https://clbngnjetipglkikondm.supabase.co/storage/v1/object/public/product-images-thumbnails/e9029faf-6c7a-44b9-80f2-e33bbef06948/53078fa4-39b2-4da0-be78-8f2f1bb26552/1754142506058_tablet_300x230.jpg"", ""desktop"": ""https://clbngnjetipglkikondm.supabase.co/storage/v1/object/public/product-images-thumbnails/e9029faf-6c7a-44b9-80f2-e33bbef06948/53078fa4-39b2-4da0-be78-8f2f1bb26552/1754142506058_desktop_320x260.jpg"", ""minithumb"": ""https://clbngnjetipglkikondm.supabase.co/storage/v1/object/public/product-images-thumbnails/e9029faf-6c7a-44b9-80f2-e33bbef06948/53078fa4-39b2-4da0-be78-8f2f1bb26552/1754142506058_minithumb_40x40.jpg""}",0
53078fa4-39b2-4da0-be78-8f2f1bb26552,https://clbngnjetipglkikondm.supabase.co/storage/v1/object/public/product-images/e9029faf-6c7a-44b9-80f2-e33bbef06948/53078fa4-39b2-4da0-be78-8f2f1bb26552/1754142506059_th__7_.jpg,,"{""mobile"": ""https://clbngnjetipglkikondm.supabase.co/storage/v1/object/public/product-images-thumbnails/e9029faf-6c7a-44b9-80f2-e33bbef06948/53078fa4-39b2-4da0-be78-8f2f1bb26552/1754142506058_mobile_190x153.jpg"", ""tablet"": ""https://clbngnjetipglkikondm.supabase.co/storage/v1/object/public/product-images-thumbnails/e9029faf-6c7a-44b9-80f2-e33bbef06948/53078fa4-39b2-4da0-be78-8f2f1bb26552/1754142506058_tablet_300x230.jpg"", ""desktop"": ""https://clbngnjetipglkikondm.supabase.co/storage/v1/object/public/product-images-thumbnails/e9029faf-6c7a-44b9-80f2-e33bbef06948/53078fa4-39b2-4da0-be78-8f2f1bb26552/1754142506058_desktop_320x260.jpg"", ""minithumb"": ""https://clbngnjetipglkikondm.supabase.co/storage/v1/object/public/product-images-thumbnails/e9029faf-6c7a-44b9-80f2-e33bbef06948/53078fa4-39b2-4da0-be78-8f2f1bb26552/1754142506058_minithumb_40x40.jpg""}",0
53078fa4-39b2-4da0-be78-8f2f1bb26552,https://clbngnjetipglkikondm.supabase.co/storage/v1/object/public/product-images/e9029faf-6c7a-44b9-80f2-e33bbef06948/53078fa4-39b2-4da0-be78-8f2f1bb26552/1754142506059_th__1_.jpg,,"{""mobile"": ""https://clbngnjetipglkikondm.supabase.co/storage/v1/object/public/product-images-thumbnails/e9029faf-6c7a-44b9-80f2-e33bbef06948/53078fa4-39b2-4da0-be78-8f2f1bb26552/1754142506058_mobile_190x153.jpg"", ""tablet"": ""https://clbngnjetipglkikondm.supabase.co/storage/v1/object/public/product-images-thumbnails/e9029faf-6c7a-44b9-80f2-e33bbef06948/53078fa4-39b2-4da0-be78-8f2f1bb26552/1754142506058_tablet_300x230.jpg"", ""desktop"": ""https://clbngnjetipglkikondm.supabase.co/storage/v1/object/public/product-images-thumbnails/e9029faf-6c7a-44b9-80f2-e33bbef06948/53078fa4-39b2-4da0-be78-8f2f1bb26552/1754142506058_desktop_320x260.jpg"", ""minithumb"": ""https://clbngnjetipglkikondm.supabase.co/storage/v1/object/public/product-images-thumbnails/e9029faf-6c7a-44b9-80f2-e33bbef06948/53078fa4-39b2-4da0-be78-8f2f1bb26552/1754142506058_minithumb_40x40.jpg""}",0
55bc358a-de47-4e98-ad31-263f220727de,https://clbngnjetipglkikondm.supabase.co/storage/v1/object/public/product-images/771c0da4-19f7-4d44-a29d-3f347621b893/55bc358a-de47-4e98-ad31-263f220727de/1754103598911_WhatsApp_Image_2025-07-21_at_14.56.54__1_.jpeg,,"{""mobile"": ""https://clbngnjetipglkikondm.supabase.co/storage/v1/object/public/product-images-thumbnails/771c0da4-19f7-4d44-a29d-3f347621b893/55bc358a-de47-4e98-ad31-263f220727de/1754103598911_mobile_190x153.jpg"", ""tablet"": ""https://clbngnjetipglkikondm.supabase.co/storage/v1/object/public/product-images-thumbnails/771c0da4-19f7-4d44-a29d-3f347621b893/55bc358a-de47-4e98-ad31-263f220727de/1754103598911_tablet_300x230.jpg"", ""desktop"": ""https://clbngnjetipglkikondm.supabase.co/storage/v1/object/public/product-images-thumbnails/771c0da4-19f7-4d44-a29d-3f347621b893/55bc358a-de47-4e98-ad31-263f220727de/1754103598911_desktop_320x260.jpg"", ""minithumb"": ""https://clbngnjetipglkikondm.supabase.co/storage/v1/object/public/product-images-thumbnails/771c0da4-19f7-4d44-a29d-3f347621b893/55bc358a-de47-4e98-ad31-263f220727de/1754103598911_minithumb_40x40.jpg""}",0
604eec01-2209-4e1d-ba71-c58c694c4b2b,https://clbngnjetipglkikondm.supabase.co/storage/v1/object/public/product-images/e9029faf-6c7a-44b9-80f2-e33bbef06948/604eec01-2209-4e1d-ba71-c58c694c4b2b/1754164204177_th__34_.jpg,,"{""mobile"": ""https://clbngnjetipglkikondm.supabase.co/storage/v1/object/public/product-images-thumbnails/e9029faf-6c7a-44b9-80f2-e33bbef06948/604eec01-2209-4e1d-ba71-c58c694c4b2b/1754164204177_mobile_190x153.jpg"", ""tablet"": ""https://clbngnjetipglkikondm.supabase.co/storage/v1/object/public/product-images-thumbnails/e9029faf-6c7a-44b9-80f2-e33bbef06948/604eec01-2209-4e1d-ba71-c58c694c4b2b/1754164204177_tablet_300x230.jpg"", ""desktop"": ""https://clbngnjetipglkikondm.supabase.co/storage/v1/object/public/product-images-thumbnails/e9029faf-6c7a-44b9-80f2-e33bbef06948/604eec01-2209-4e1d-ba71-c58c694c4b2b/1754164204177_desktop_320x260.jpg"", ""minithumb"": ""https://clbngnjetipglkikondm.supabase.co/storage/v1/object/public/product-images-thumbnails/e9029faf-6c7a-44b9-80f2-e33bbef06948/604eec01-2209-4e1d-ba71-c58c694c4b2b/1754164204177_minithumb_40x40.jpg""}",0
604eec01-2209-4e1d-ba71-c58c694c4b2b,https://clbngnjetipglkikondm.supabase.co/storage/v1/object/public/product-images/e9029faf-6c7a-44b9-80f2-e33bbef06948/604eec01-2209-4e1d-ba71-c58c694c4b2b/1754164204177_th__26_.jpg,,"{""mobile"": ""https://clbngnjetipglkikondm.supabase.co/storage/v1/object/public/product-images-thumbnails/e9029faf-6c7a-44b9-80f2-e33bbef06948/604eec01-2209-4e1d-ba71-c58c694c4b2b/1754164204177_mobile_190x153.jpg"", ""tablet"": ""https://clbngnjetipglkikondm.supabase.co/storage/v1/object/public/product-images-thumbnails/e9029faf-6c7a-44b9-80f2-e33bbef06948/604eec01-2209-4e1d-ba71-c58c694c4b2b/1754164204177_tablet_300x230.jpg"", ""desktop"": ""https://clbngnjetipglkikondm.supabase.co/storage/v1/object/public/product-images-thumbnails/e9029faf-6c7a-44b9-80f2-e33bbef06948/604eec01-2209-4e1d-ba71-c58c694c4b2b/1754164204177_desktop_320x260.jpg"", ""minithumb"": ""https://clbngnjetipglkikondm.supabase.co/storage/v1/object/public/product-images-thumbnails/e9029faf-6c7a-44b9-80f2-e33bbef06948/604eec01-2209-4e1d-ba71-c58c694c4b2b/1754164204177_minithumb_40x40.jpg""}",0
604eec01-2209-4e1d-ba71-c58c694c4b2b,https://clbngnjetipglkikondm.supabase.co/storage/v1/object/public/product-images/e9029faf-6c7a-44b9-80f2-e33bbef06948/604eec01-2209-4e1d-ba71-c58c694c4b2b/1754164204177_th__35_.jpg,,"{""mobile"": ""https://clbngnjetipglkikondm.supabase.co/storage/v1/object/public/product-images-thumbnails/e9029faf-6c7a-44b9-80f2-e33bbef06948/604eec01-2209-4e1d-ba71-c58c694c4b2b/1754164204177_mobile_190x153.jpg"", ""tablet"": ""https://clbngnjetipglkikondm.supabase.co/storage/v1/object/public/product-images-thumbnails/e9029faf-6c7a-44b9-80f2-e33bbef06948/604eec01-2209-4e1d-ba71-c58c694c4b2b/1754164204177_tablet_300x230.jpg"", ""desktop"": ""https://clbngnjetipglkikondm.supabase.co/storage/v1/object/public/product-images-thumbnails/e9029faf-6c7a-44b9-80f2-e33bbef06948/604eec01-2209-4e1d-ba71-c58c694c4b2b/1754164204177_desktop_320x260.jpg"", ""minithumb"": ""https://clbngnjetipglkikondm.supabase.co/storage/v1/object/public/product-images-thumbnails/e9029faf-6c7a-44b9-80f2-e33bbef06948/604eec01-2209-4e1d-ba71-c58c694c4b2b/1754164204177_minithumb_40x40.jpg""}",0
604eec01-2209-4e1d-ba71-c58c694c4b2b,https://clbngnjetipglkikondm.supabase.co/storage/v1/object/public/product-images/e9029faf-6c7a-44b9-80f2-e33bbef06948/604eec01-2209-4e1d-ba71-c58c694c4b2b/1754164204177_th__33_.jpg,,"{""mobile"": ""https://clbngnjetipglkikondm.supabase.co/storage/v1/object/public/product-images-thumbnails/e9029faf-6c7a-44b9-80f2-e33bbef06948/604eec01-2209-4e1d-ba71-c58c694c4b2b/1754164204177_mobile_190x153.jpg"", ""tablet"": ""https://clbngnjetipglkikondm.supabase.co/storage/v1/object/public/product-images-thumbnails/e9029faf-6c7a-44b9-80f2-e33bbef06948/604eec01-2209-4e1d-ba71-c58c694c4b2b/1754164204177_tablet_300x230.jpg"", ""desktop"": ""https://clbngnjetipglkikondm.supabase.co/storage/v1/object/public/product-images-thumbnails/e9029faf-6c7a-44b9-80f2-e33bbef06948/604eec01-2209-4e1d-ba71-c58c694c4b2b/1754164204177_desktop_320x260.jpg"", ""minithumb"": ""https://clbngnjetipglkikondm.supabase.co/storage/v1/object/public/product-images-thumbnails/e9029faf-6c7a-44b9-80f2-e33bbef06948/604eec01-2209-4e1d-ba71-c58c694c4b2b/1754164204177_minithumb_40x40.jpg""}",0
63a26e7b-cfc0-4e75-9bea-1915056f4198,https://clbngnjetipglkikondm.supabase.co/storage/v1/object/public/product-images/e9029faf-6c7a-44b9-80f2-e33bbef06948/63a26e7b-cfc0-4e75-9bea-1915056f4198/1754004645187_th__35_.jpg,,"{""mobile"": ""https://clbngnjetipglkikondm.supabase.co/storage/v1/object/public/product-images-thumbnails/e9029faf-6c7a-44b9-80f2-e33bbef06948/63a26e7b-cfc0-4e75-9bea-1915056f4198/1754004645187_mobile_190x153.jpg"", ""tablet"": ""https://clbngnjetipglkikondm.supabase.co/storage/v1/object/public/product-images-thumbnails/e9029faf-6c7a-44b9-80f2-e33bbef06948/63a26e7b-cfc0-4e75-9bea-1915056f4198/1754004645187_tablet_300x230.jpg"", ""desktop"": ""https://clbngnjetipglkikondm.supabase.co/storage/v1/object/public/product-images-thumbnails/e9029faf-6c7a-44b9-80f2-e33bbef06948/63a26e7b-cfc0-4e75-9bea-1915056f4198/1754004645187_desktop_320x260.jpg"", ""minithumb"": ""https://clbngnjetipglkikondm.supabase.co/storage/v1/object/public/product-images-thumbnails/e9029faf-6c7a-44b9-80f2-e33bbef06948/63a26e7b-cfc0-4e75-9bea-1915056f4198/1754004645187_minithumb_40x40.jpg""}",0
6881020c-6282-4517-abc5-4c864b2168e0,https://clbngnjetipglkikondm.supabase.co/storage/v1/object/public/product-images/e9029faf-6c7a-44b9-80f2-e33bbef06948/6881020c-6282-4517-abc5-4c864b2168e0/1754164116290_th__38_.jpg,,"{""mobile"": ""https://clbngnjetipglkikondm.supabase.co/storage/v1/object/public/product-images-thumbnails/e9029faf-6c7a-44b9-80f2-e33bbef06948/6881020c-6282-4517-abc5-4c864b2168e0/1754164116290_mobile_190x153.jpg"", ""tablet"": ""https://clbngnjetipglkikondm.supabase.co/storage/v1/object/public/product-images-thumbnails/e9029faf-6c7a-44b9-80f2-e33bbef06948/6881020c-6282-4517-abc5-4c864b2168e0/1754164116290_tablet_300x230.jpg"", ""desktop"": ""https://clbngnjetipglkikondm.supabase.co/storage/v1/object/public/product-images-thumbnails/e9029faf-6c7a-44b9-80f2-e33bbef06948/6881020c-6282-4517-abc5-4c864b2168e0/1754164116290_desktop_320x260.jpg"", ""minithumb"": ""https://clbngnjetipglkikondm.supabase.co/storage/v1/object/public/product-images-thumbnails/e9029faf-6c7a-44b9-80f2-e33bbef06948/6881020c-6282-4517-abc5-4c864b2168e0/1754164116290_minithumb_40x40.jpg""}",0
6881020c-6282-4517-abc5-4c864b2168e0,https://clbngnjetipglkikondm.supabase.co/storage/v1/object/public/product-images/e9029faf-6c7a-44b9-80f2-e33bbef06948/6881020c-6282-4517-abc5-4c864b2168e0/1754164116290_th__40_.jpg,,"{""mobile"": ""https://clbngnjetipglkikondm.supabase.co/storage/v1/object/public/product-images-thumbnails/e9029faf-6c7a-44b9-80f2-e33bbef06948/6881020c-6282-4517-abc5-4c864b2168e0/1754164116290_mobile_190x153.jpg"", ""tablet"": ""https://clbngnjetipglkikondm.supabase.co/storage/v1/object/public/product-images-thumbnails/e9029faf-6c7a-44b9-80f2-e33bbef06948/6881020c-6282-4517-abc5-4c864b2168e0/1754164116290_tablet_300x230.jpg"", ""desktop"": ""https://clbngnjetipglkikondm.supabase.co/storage/v1/object/public/product-images-thumbnails/e9029faf-6c7a-44b9-80f2-e33bbef06948/6881020c-6282-4517-abc5-4c864b2168e0/1754164116290_desktop_320x260.jpg"", ""minithumb"": ""https://clbngnjetipglkikondm.supabase.co/storage/v1/object/public/product-images-thumbnails/e9029faf-6c7a-44b9-80f2-e33bbef06948/6881020c-6282-4517-abc5-4c864b2168e0/1754164116290_minithumb_40x40.jpg""}",0
6881020c-6282-4517-abc5-4c864b2168e0,https://clbngnjetipglkikondm.supabase.co/storage/v1/object/public/product-images/e9029faf-6c7a-44b9-80f2-e33bbef06948/6881020c-6282-4517-abc5-4c864b2168e0/1754164116290_OIP.jpg,,"{""mobile"": ""https://clbngnjetipglkikondm.supabase.co/storage/v1/object/public/product-images-thumbnails/e9029faf-6c7a-44b9-80f2-e33bbef06948/6881020c-6282-4517-abc5-4c864b2168e0/1754164116290_mobile_190x153.jpg"", ""tablet"": ""https://clbngnjetipglkikondm.supabase.co/storage/v1/object/public/product-images-thumbnails/e9029faf-6c7a-44b9-80f2-e33bbef06948/6881020c-6282-4517-abc5-4c864b2168e0/1754164116290_tablet_300x230.jpg"", ""desktop"": ""https://clbngnjetipglkikondm.supabase.co/storage/v1/object/public/product-images-thumbnails/e9029faf-6c7a-44b9-80f2-e33bbef06948/6881020c-6282-4517-abc5-4c864b2168e0/1754164116290_desktop_320x260.jpg"", ""minithumb"": ""https://clbngnjetipglkikondm.supabase.co/storage/v1/object/public/product-images-thumbnails/e9029faf-6c7a-44b9-80f2-e33bbef06948/6881020c-6282-4517-abc5-4c864b2168e0/1754164116290_minithumb_40x40.jpg""}",0
6881020c-6282-4517-abc5-4c864b2168e0,https://clbngnjetipglkikondm.supabase.co/storage/v1/object/public/product-images/e9029faf-6c7a-44b9-80f2-e33bbef06948/6881020c-6282-4517-abc5-4c864b2168e0/1754164116290_sad.jpg,,"{""mobile"": ""https://clbngnjetipglkikondm.supabase.co/storage/v1/object/public/product-images-thumbnails/e9029faf-6c7a-44b9-80f2-e33bbef06948/6881020c-6282-4517-abc5-4c864b2168e0/1754164116290_mobile_190x153.jpg"", ""tablet"": ""https://clbngnjetipglkikondm.supabase.co/storage/v1/object/public/product-images-thumbnails/e9029faf-6c7a-44b9-80f2-e33bbef06948/6881020c-6282-4517-abc5-4c864b2168e0/1754164116290_tablet_300x230.jpg"", ""desktop"": ""https://clbngnjetipglkikondm.supabase.co/storage/v1/object/public/product-images-thumbnails/e9029faf-6c7a-44b9-80f2-e33bbef06948/6881020c-6282-4517-abc5-4c864b2168e0/1754164116290_desktop_320x260.jpg"", ""minithumb"": ""https://clbngnjetipglkikondm.supabase.co/storage/v1/object/public/product-images-thumbnails/e9029faf-6c7a-44b9-80f2-e33bbef06948/6881020c-6282-4517-abc5-4c864b2168e0/1754164116290_minithumb_40x40.jpg""}",0
6881020c-6282-4517-abc5-4c864b2168e0,https://clbngnjetipglkikondm.supabase.co/storage/v1/object/public/product-images/e9029faf-6c7a-44b9-80f2-e33bbef06948/6881020c-6282-4517-abc5-4c864b2168e0/1754164116290_th__1_.jpg,,"{""mobile"": ""https://clbngnjetipglkikondm.supabase.co/storage/v1/object/public/product-images-thumbnails/e9029faf-6c7a-44b9-80f2-e33bbef06948/6881020c-6282-4517-abc5-4c864b2168e0/1754164116290_mobile_190x153.jpg"", ""tablet"": ""https://clbngnjetipglkikondm.supabase.co/storage/v1/object/public/product-images-thumbnails/e9029faf-6c7a-44b9-80f2-e33bbef06948/6881020c-6282-4517-abc5-4c864b2168e0/1754164116290_tablet_300x230.jpg"", ""desktop"": ""https://clbngnjetipglkikondm.supabase.co/storage/v1/object/public/product-images-thumbnails/e9029faf-6c7a-44b9-80f2-e33bbef06948/6881020c-6282-4517-abc5-4c864b2168e0/1754164116290_desktop_320x260.jpg"", ""minithumb"": ""https://clbngnjetipglkikondm.supabase.co/storage/v1/object/public/product-images-thumbnails/e9029faf-6c7a-44b9-80f2-e33bbef06948/6881020c-6282-4517-abc5-4c864b2168e0/1754164116290_minithumb_40x40.jpg""}",0
6d53329e-83ec-4ddd-b80e-84c919c713b6,https://clbngnjetipglkikondm.supabase.co/storage/v1/object/public/product-images/def94b48-1c0a-42a0-a854-f4d306843fff/6d53329e-83ec-4ddd-b80e-84c919c713b6/1753564767025_logosellsi.jpeg,https://clbngnjetipglkikondm.supabase.co/storage/v1/object/public/product-images-thumbnails/def94b48-1c0a-42a0-a854-f4d306843fff/6d53329e-83ec-4ddd-b80e-84c919c713b6/1753564767025_desktop_320x260.jpg,,0
70ea4327-1595-401f-820d-b2079e46d284,https://clbngnjetipglkikondm.supabase.co/storage/v1/object/public/product-images/e9029faf-6c7a-44b9-80f2-e33bbef06948/70ea4327-1595-401f-820d-b2079e46d284/1754084631746_th__26_.jpg,,"{""mobile"": ""https://clbngnjetipglkikondm.supabase.co/storage/v1/object/public/product-images-thumbnails/e9029faf-6c7a-44b9-80f2-e33bbef06948/70ea4327-1595-401f-820d-b2079e46d284/1754084631746_mobile_190x153.jpg"", ""tablet"": ""https://clbngnjetipglkikondm.supabase.co/storage/v1/object/public/product-images-thumbnails/e9029faf-6c7a-44b9-80f2-e33bbef06948/70ea4327-1595-401f-820d-b2079e46d284/1754084631746_tablet_300x230.jpg"", ""desktop"": ""https://clbngnjetipglkikondm.supabase.co/storage/v1/object/public/product-images-thumbnails/e9029faf-6c7a-44b9-80f2-e33bbef06948/70ea4327-1595-401f-820d-b2079e46d284/1754084631746_desktop_320x260.jpg"", ""minithumb"": ""https://clbngnjetipglkikondm.supabase.co/storage/v1/object/public/product-images-thumbnails/e9029faf-6c7a-44b9-80f2-e33bbef06948/70ea4327-1595-401f-820d-b2079e46d284/1754084631746_minithumb_40x40.jpg""}",0
70ea4327-1595-401f-820d-b2079e46d284,https://clbngnjetipglkikondm.supabase.co/storage/v1/object/public/product-images/e9029faf-6c7a-44b9-80f2-e33bbef06948/70ea4327-1595-401f-820d-b2079e46d284/1754084631747_th__28_.jpg,,"{""mobile"": ""https://clbngnjetipglkikondm.supabase.co/storage/v1/object/public/product-images-thumbnails/e9029faf-6c7a-44b9-80f2-e33bbef06948/70ea4327-1595-401f-820d-b2079e46d284/1754084631746_mobile_190x153.jpg"", ""tablet"": ""https://clbngnjetipglkikondm.supabase.co/storage/v1/object/public/product-images-thumbnails/e9029faf-6c7a-44b9-80f2-e33bbef06948/70ea4327-1595-401f-820d-b2079e46d284/1754084631746_tablet_300x230.jpg"", ""desktop"": ""https://clbngnjetipglkikondm.supabase.co/storage/v1/object/public/product-images-thumbnails/e9029faf-6c7a-44b9-80f2-e33bbef06948/70ea4327-1595-401f-820d-b2079e46d284/1754084631746_desktop_320x260.jpg"", ""minithumb"": ""https://clbngnjetipglkikondm.supabase.co/storage/v1/object/public/product-images-thumbnails/e9029faf-6c7a-44b9-80f2-e33bbef06948/70ea4327-1595-401f-820d-b2079e46d284/1754084631746_minithumb_40x40.jpg""}",0
70ea4327-1595-401f-820d-b2079e46d284,https://clbngnjetipglkikondm.supabase.co/storage/v1/object/public/product-images/e9029faf-6c7a-44b9-80f2-e33bbef06948/70ea4327-1595-401f-820d-b2079e46d284/1754084631747_th__29_.jpg,,"{""mobile"": ""https://clbngnjetipglkikondm.supabase.co/storage/v1/object/public/product-images-thumbnails/e9029faf-6c7a-44b9-80f2-e33bbef06948/70ea4327-1595-401f-820d-b2079e46d284/1754084631746_mobile_190x153.jpg"", ""tablet"": ""https://clbngnjetipglkikondm.supabase.co/storage/v1/object/public/product-images-thumbnails/e9029faf-6c7a-44b9-80f2-e33bbef06948/70ea4327-1595-401f-820d-b2079e46d284/1754084631746_tablet_300x230.jpg"", ""desktop"": ""https://clbngnjetipglkikondm.supabase.co/storage/v1/object/public/product-images-thumbnails/e9029faf-6c7a-44b9-80f2-e33bbef06948/70ea4327-1595-401f-820d-b2079e46d284/1754084631746_desktop_320x260.jpg"", ""minithumb"": ""https://clbngnjetipglkikondm.supabase.co/storage/v1/object/public/product-images-thumbnails/e9029faf-6c7a-44b9-80f2-e33bbef06948/70ea4327-1595-401f-820d-b2079e46d284/1754084631746_minithumb_40x40.jpg""}",0
70ea4327-1595-401f-820d-b2079e46d284,https://clbngnjetipglkikondm.supabase.co/storage/v1/object/public/product-images/e9029faf-6c7a-44b9-80f2-e33bbef06948/70ea4327-1595-401f-820d-b2079e46d284/1754084631747_th__27_.jpg,,"{""mobile"": ""https://clbngnjetipglkikondm.supabase.co/storage/v1/object/public/product-images-thumbnails/e9029faf-6c7a-44b9-80f2-e33bbef06948/70ea4327-1595-401f-820d-b2079e46d284/1754084631746_mobile_190x153.jpg"", ""tablet"": ""https://clbngnjetipglkikondm.supabase.co/storage/v1/object/public/product-images-thumbnails/e9029faf-6c7a-44b9-80f2-e33bbef06948/70ea4327-1595-401f-820d-b2079e46d284/1754084631746_tablet_300x230.jpg"", ""desktop"": ""https://clbngnjetipglkikondm.supabase.co/storage/v1/object/public/product-images-thumbnails/e9029faf-6c7a-44b9-80f2-e33bbef06948/70ea4327-1595-401f-820d-b2079e46d284/1754084631746_desktop_320x260.jpg"", ""minithumb"": ""https://clbngnjetipglkikondm.supabase.co/storage/v1/object/public/product-images-thumbnails/e9029faf-6c7a-44b9-80f2-e33bbef06948/70ea4327-1595-401f-820d-b2079e46d284/1754084631746_minithumb_40x40.jpg""}",0
731096cb-2400-431e-b719-e10a96973b83,https://clbngnjetipglkikondm.supabase.co/storage/v1/object/public/product-images/e9029faf-6c7a-44b9-80f2-e33bbef06948/731096cb-2400-431e-b719-e10a96973b83/1754093235736_th__15_.jpg,,"{""mobile"": ""https://clbngnjetipglkikondm.supabase.co/storage/v1/object/public/product-images-thumbnails/e9029faf-6c7a-44b9-80f2-e33bbef06948/731096cb-2400-431e-b719-e10a96973b83/1754093235736_mobile_190x153.jpg"", ""tablet"": ""https://clbngnjetipglkikondm.supabase.co/storage/v1/object/public/product-images-thumbnails/e9029faf-6c7a-44b9-80f2-e33bbef06948/731096cb-2400-431e-b719-e10a96973b83/1754093235736_tablet_300x230.jpg"", ""desktop"": ""https://clbngnjetipglkikondm.supabase.co/storage/v1/object/public/product-images-thumbnails/e9029faf-6c7a-44b9-80f2-e33bbef06948/731096cb-2400-431e-b719-e10a96973b83/1754093235736_desktop_320x260.jpg"", ""minithumb"": ""https://clbngnjetipglkikondm.supabase.co/storage/v1/object/public/product-images-thumbnails/e9029faf-6c7a-44b9-80f2-e33bbef06948/731096cb-2400-431e-b719-e10a96973b83/1754093235736_minithumb_40x40.jpg""}",0
81d6ee5c-77d5-432e-bde1-5f3a7c7b869f,https://clbngnjetipglkikondm.supabase.co/storage/v1/object/public/product-images/e9029faf-6c7a-44b9-80f2-e33bbef06948/81d6ee5c-77d5-432e-bde1-5f3a7c7b869f/1754084889835_th__5_.jpg,,"{""mobile"": ""https://clbngnjetipglkikondm.supabase.co/storage/v1/object/public/product-images-thumbnails/e9029faf-6c7a-44b9-80f2-e33bbef06948/81d6ee5c-77d5-432e-bde1-5f3a7c7b869f/1754084889835_mobile_190x153.jpg"", ""tablet"": ""https://clbngnjetipglkikondm.supabase.co/storage/v1/object/public/product-images-thumbnails/e9029faf-6c7a-44b9-80f2-e33bbef06948/81d6ee5c-77d5-432e-bde1-5f3a7c7b869f/1754084889835_tablet_300x230.jpg"", ""desktop"": ""https://clbngnjetipglkikondm.supabase.co/storage/v1/object/public/product-images-thumbnails/e9029faf-6c7a-44b9-80f2-e33bbef06948/81d6ee5c-77d5-432e-bde1-5f3a7c7b869f/1754084889835_desktop_320x260.jpg"", ""minithumb"": ""https://clbngnjetipglkikondm.supabase.co/storage/v1/object/public/product-images-thumbnails/e9029faf-6c7a-44b9-80f2-e33bbef06948/81d6ee5c-77d5-432e-bde1-5f3a7c7b869f/1754084889835_minithumb_40x40.jpg""}",0
81d6ee5c-77d5-432e-bde1-5f3a7c7b869f,https://clbngnjetipglkikondm.supabase.co/storage/v1/object/public/product-images/e9029faf-6c7a-44b9-80f2-e33bbef06948/81d6ee5c-77d5-432e-bde1-5f3a7c7b869f/1754084889835_th__3_.jpg,,"{""mobile"": ""https://clbngnjetipglkikondm.supabase.co/storage/v1/object/public/product-images-thumbnails/e9029faf-6c7a-44b9-80f2-e33bbef06948/81d6ee5c-77d5-432e-bde1-5f3a7c7b869f/1754084889835_mobile_190x153.jpg"", ""tablet"": ""https://clbngnjetipglkikondm.supabase.co/storage/v1/object/public/product-images-thumbnails/e9029faf-6c7a-44b9-80f2-e33bbef06948/81d6ee5c-77d5-432e-bde1-5f3a7c7b869f/1754084889835_tablet_300x230.jpg"", ""desktop"": ""https://clbngnjetipglkikondm.supabase.co/storage/v1/object/public/product-images-thumbnails/e9029faf-6c7a-44b9-80f2-e33bbef06948/81d6ee5c-77d5-432e-bde1-5f3a7c7b869f/1754084889835_desktop_320x260.jpg"", ""minithumb"": ""https://clbngnjetipglkikondm.supabase.co/storage/v1/object/public/product-images-thumbnails/e9029faf-6c7a-44b9-80f2-e33bbef06948/81d6ee5c-77d5-432e-bde1-5f3a7c7b869f/1754084889835_minithumb_40x40.jpg""}",0
81d6ee5c-77d5-432e-bde1-5f3a7c7b869f,https://clbngnjetipglkikondm.supabase.co/storage/v1/object/public/product-images/e9029faf-6c7a-44b9-80f2-e33bbef06948/81d6ee5c-77d5-432e-bde1-5f3a7c7b869f/1754084889835_th__7_.jpg,,"{""mobile"": ""https://clbngnjetipglkikondm.supabase.co/storage/v1/object/public/product-images-thumbnails/e9029faf-6c7a-44b9-80f2-e33bbef06948/81d6ee5c-77d5-432e-bde1-5f3a7c7b869f/1754084889835_mobile_190x153.jpg"", ""tablet"": ""https://clbngnjetipglkikondm.supabase.co/storage/v1/object/public/product-images-thumbnails/e9029faf-6c7a-44b9-80f2-e33bbef06948/81d6ee5c-77d5-432e-bde1-5f3a7c7b869f/1754084889835_tablet_300x230.jpg"", ""desktop"": ""https://clbngnjetipglkikondm.supabase.co/storage/v1/object/public/product-images-thumbnails/e9029faf-6c7a-44b9-80f2-e33bbef06948/81d6ee5c-77d5-432e-bde1-5f3a7c7b869f/1754084889835_desktop_320x260.jpg"", ""minithumb"": ""https://clbngnjetipglkikondm.supabase.co/storage/v1/object/public/product-images-thumbnails/e9029faf-6c7a-44b9-80f2-e33bbef06948/81d6ee5c-77d5-432e-bde1-5f3a7c7b869f/1754084889835_minithumb_40x40.jpg""}",0
8d0aab65-ff18-457f-a579-23d6ffca6f03,https://clbngnjetipglkikondm.supabase.co/storage/v1/object/public/product-images/e9029faf-6c7a-44b9-80f2-e33bbef06948/8d0aab65-ff18-457f-a579-23d6ffca6f03/1754093137927_th__40_.jpg,,"{""mobile"": ""https://clbngnjetipglkikondm.supabase.co/storage/v1/object/public/product-images-thumbnails/e9029faf-6c7a-44b9-80f2-e33bbef06948/8d0aab65-ff18-457f-a579-23d6ffca6f03/1754093137927_mobile_190x153.jpg"", ""tablet"": ""https://clbngnjetipglkikondm.supabase.co/storage/v1/object/public/product-images-thumbnails/e9029faf-6c7a-44b9-80f2-e33bbef06948/8d0aab65-ff18-457f-a579-23d6ffca6f03/1754093137927_tablet_300x230.jpg"", ""desktop"": ""https://clbngnjetipglkikondm.supabase.co/storage/v1/object/public/product-images-thumbnails/e9029faf-6c7a-44b9-80f2-e33bbef06948/8d0aab65-ff18-457f-a579-23d6ffca6f03/1754093137927_desktop_320x260.jpg"", ""minithumb"": ""https://clbngnjetipglkikondm.supabase.co/storage/v1/object/public/product-images-thumbnails/e9029faf-6c7a-44b9-80f2-e33bbef06948/8d0aab65-ff18-457f-a579-23d6ffca6f03/1754093137927_minithumb_40x40.jpg""}",0
8ea4c7dd-b2a1-4369-adf6-a9416603db39,https://clbngnjetipglkikondm.supabase.co/storage/v1/object/public/product-images/e9029faf-6c7a-44b9-80f2-e33bbef06948/8ea4c7dd-b2a1-4369-adf6-a9416603db39/1754092762845_sad.jpg,,"{""mobile"": ""https://clbngnjetipglkikondm.supabase.co/storage/v1/object/public/product-images-thumbnails/e9029faf-6c7a-44b9-80f2-e33bbef06948/8ea4c7dd-b2a1-4369-adf6-a9416603db39/1754092762844_mobile_190x153.jpg"", ""tablet"": ""https://clbngnjetipglkikondm.supabase.co/storage/v1/object/public/product-images-thumbnails/e9029faf-6c7a-44b9-80f2-e33bbef06948/8ea4c7dd-b2a1-4369-adf6-a9416603db39/1754092762844_tablet_300x230.jpg"", ""desktop"": ""https://clbngnjetipglkikondm.supabase.co/storage/v1/object/public/product-images-thumbnails/e9029faf-6c7a-44b9-80f2-e33bbef06948/8ea4c7dd-b2a1-4369-adf6-a9416603db39/1754092762844_desktop_320x260.jpg"", ""minithumb"": ""https://clbngnjetipglkikondm.supabase.co/storage/v1/object/public/product-images-thumbnails/e9029faf-6c7a-44b9-80f2-e33bbef06948/8ea4c7dd-b2a1-4369-adf6-a9416603db39/1754092762844_minithumb_40x40.jpg""}",0
8ea4c7dd-b2a1-4369-adf6-a9416603db39,https://clbngnjetipglkikondm.supabase.co/storage/v1/object/public/product-images/e9029faf-6c7a-44b9-80f2-e33bbef06948/8ea4c7dd-b2a1-4369-adf6-a9416603db39/1754092762844_OIP.jpg,,"{""mobile"": ""https://clbngnjetipglkikondm.supabase.co/storage/v1/object/public/product-images-thumbnails/e9029faf-6c7a-44b9-80f2-e33bbef06948/8ea4c7dd-b2a1-4369-adf6-a9416603db39/1754092762844_mobile_190x153.jpg"", ""tablet"": ""https://clbngnjetipglkikondm.supabase.co/storage/v1/object/public/product-images-thumbnails/e9029faf-6c7a-44b9-80f2-e33bbef06948/8ea4c7dd-b2a1-4369-adf6-a9416603db39/1754092762844_tablet_300x230.jpg"", ""desktop"": ""https://clbngnjetipglkikondm.supabase.co/storage/v1/object/public/product-images-thumbnails/e9029faf-6c7a-44b9-80f2-e33bbef06948/8ea4c7dd-b2a1-4369-adf6-a9416603db39/1754092762844_desktop_320x260.jpg"", ""minithumb"": ""https://clbngnjetipglkikondm.supabase.co/storage/v1/object/public/product-images-thumbnails/e9029faf-6c7a-44b9-80f2-e33bbef06948/8ea4c7dd-b2a1-4369-adf6-a9416603db39/1754092762844_minithumb_40x40.jpg""}",0
9051c53f-0d02-4ad4-b4a2-8d4ede94aaea,https://clbngnjetipglkikondm.supabase.co/storage/v1/object/public/product-images/20e7a348-66b6-4824-b059-2c67c5e6a49c/9051c53f-0d02-4ad4-b4a2-8d4ede94aaea/1754006866149_Screenshot_2025-06-04_213428.png,,"{""mobile"": ""https://clbngnjetipglkikondm.supabase.co/storage/v1/object/public/product-images-thumbnails/20e7a348-66b6-4824-b059-2c67c5e6a49c/9051c53f-0d02-4ad4-b4a2-8d4ede94aaea/1754006866149_mobile_190x153.jpg"", ""tablet"": ""https://clbngnjetipglkikondm.supabase.co/storage/v1/object/public/product-images-thumbnails/20e7a348-66b6-4824-b059-2c67c5e6a49c/9051c53f-0d02-4ad4-b4a2-8d4ede94aaea/1754006866149_tablet_300x230.jpg"", ""desktop"": ""https://clbngnjetipglkikondm.supabase.co/storage/v1/object/public/product-images-thumbnails/20e7a348-66b6-4824-b059-2c67c5e6a49c/9051c53f-0d02-4ad4-b4a2-8d4ede94aaea/1754006866149_desktop_320x260.jpg"", ""minithumb"": ""https://clbngnjetipglkikondm.supabase.co/storage/v1/object/public/product-images-thumbnails/20e7a348-66b6-4824-b059-2c67c5e6a49c/9051c53f-0d02-4ad4-b4a2-8d4ede94aaea/1754006866149_minithumb_40x40.jpg""}",0
924faa84-d9c8-40f9-b3e3-7eea9c3bb47f,https://clbngnjetipglkikondm.supabase.co/storage/v1/object/public/product-images/e9029faf-6c7a-44b9-80f2-e33bbef06948/924faa84-d9c8-40f9-b3e3-7eea9c3bb47f/1754003916886_th__42_.jpg,,"{""mobile"": ""https://clbngnjetipglkikondm.supabase.co/storage/v1/object/public/product-images-thumbnails/e9029faf-6c7a-44b9-80f2-e33bbef06948/924faa84-d9c8-40f9-b3e3-7eea9c3bb47f/1754003916886_mobile_190x153.jpg"", ""tablet"": ""https://clbngnjetipglkikondm.supabase.co/storage/v1/object/public/product-images-thumbnails/e9029faf-6c7a-44b9-80f2-e33bbef06948/924faa84-d9c8-40f9-b3e3-7eea9c3bb47f/1754003916886_tablet_300x230.jpg"", ""desktop"": ""https://clbngnjetipglkikondm.supabase.co/storage/v1/object/public/product-images-thumbnails/e9029faf-6c7a-44b9-80f2-e33bbef06948/924faa84-d9c8-40f9-b3e3-7eea9c3bb47f/1754003916886_desktop_320x260.jpg"", ""minithumb"": ""https://clbngnjetipglkikondm.supabase.co/storage/v1/object/public/product-images-thumbnails/e9029faf-6c7a-44b9-80f2-e33bbef06948/924faa84-d9c8-40f9-b3e3-7eea9c3bb47f/1754003916886_minithumb_40x40.jpg""}",0
a2f561ac-acf7-445a-a719-b064bf40315e,https://clbngnjetipglkikondm.supabase.co/storage/v1/object/public/product-images/20e7a348-66b6-4824-b059-2c67c5e6a49c/a2f561ac-acf7-445a-a719-b064bf40315e/1755025294443_lichking.webp,,,0
a8515ff1-f396-4d83-9e3d-0130d561e2b0,https://clbngnjetipglkikondm.supabase.co/storage/v1/object/public/product-images/e9029faf-6c7a-44b9-80f2-e33bbef06948/a8515ff1-f396-4d83-9e3d-0130d561e2b0/1754164579566_OIP.jpg,,"{""mobile"": ""https://clbngnjetipglkikondm.supabase.co/storage/v1/object/public/product-images-thumbnails/e9029faf-6c7a-44b9-80f2-e33bbef06948/a8515ff1-f396-4d83-9e3d-0130d561e2b0/1754164579566_mobile_190x153.jpg"", ""tablet"": ""https://clbngnjetipglkikondm.supabase.co/storage/v1/object/public/product-images-thumbnails/e9029faf-6c7a-44b9-80f2-e33bbef06948/a8515ff1-f396-4d83-9e3d-0130d561e2b0/1754164579566_tablet_300x230.jpg"", ""desktop"": ""https://clbngnjetipglkikondm.supabase.co/storage/v1/object/public/product-images-thumbnails/e9029faf-6c7a-44b9-80f2-e33bbef06948/a8515ff1-f396-4d83-9e3d-0130d561e2b0/1754164579566_desktop_320x260.jpg"", ""minithumb"": ""https://clbngnjetipglkikondm.supabase.co/storage/v1/object/public/product-images-thumbnails/e9029faf-6c7a-44b9-80f2-e33bbef06948/a8515ff1-f396-4d83-9e3d-0130d561e2b0/1754164579566_minithumb_40x40.jpg""}",0
a8515ff1-f396-4d83-9e3d-0130d561e2b0,https://clbngnjetipglkikondm.supabase.co/storage/v1/object/public/product-images/e9029faf-6c7a-44b9-80f2-e33bbef06948/a8515ff1-f396-4d83-9e3d-0130d561e2b0/1754164579566_th__5_.jpg,,"{""mobile"": ""https://clbngnjetipglkikondm.supabase.co/storage/v1/object/public/product-images-thumbnails/e9029faf-6c7a-44b9-80f2-e33bbef06948/a8515ff1-f396-4d83-9e3d-0130d561e2b0/1754164579566_mobile_190x153.jpg"", ""tablet"": ""https://clbngnjetipglkikondm.supabase.co/storage/v1/object/public/product-images-thumbnails/e9029faf-6c7a-44b9-80f2-e33bbef06948/a8515ff1-f396-4d83-9e3d-0130d561e2b0/1754164579566_tablet_300x230.jpg"", ""desktop"": ""https://clbngnjetipglkikondm.supabase.co/storage/v1/object/public/product-images-thumbnails/e9029faf-6c7a-44b9-80f2-e33bbef06948/a8515ff1-f396-4d83-9e3d-0130d561e2b0/1754164579566_desktop_320x260.jpg"", ""minithumb"": ""https://clbngnjetipglkikondm.supabase.co/storage/v1/object/public/product-images-thumbnails/e9029faf-6c7a-44b9-80f2-e33bbef06948/a8515ff1-f396-4d83-9e3d-0130d561e2b0/1754164579566_minithumb_40x40.jpg""}",0
a8515ff1-f396-4d83-9e3d-0130d561e2b0,https://clbngnjetipglkikondm.supabase.co/storage/v1/object/public/product-images/e9029faf-6c7a-44b9-80f2-e33bbef06948/a8515ff1-f396-4d83-9e3d-0130d561e2b0/1754164579566_th__1_.jpg,,"{""mobile"": ""https://clbngnjetipglkikondm.supabase.co/storage/v1/object/public/product-images-thumbnails/e9029faf-6c7a-44b9-80f2-e33bbef06948/a8515ff1-f396-4d83-9e3d-0130d561e2b0/1754164579566_mobile_190x153.jpg"", ""tablet"": ""https://clbngnjetipglkikondm.supabase.co/storage/v1/object/public/product-images-thumbnails/e9029faf-6c7a-44b9-80f2-e33bbef06948/a8515ff1-f396-4d83-9e3d-0130d561e2b0/1754164579566_tablet_300x230.jpg"", ""desktop"": ""https://clbngnjetipglkikondm.supabase.co/storage/v1/object/public/product-images-thumbnails/e9029faf-6c7a-44b9-80f2-e33bbef06948/a8515ff1-f396-4d83-9e3d-0130d561e2b0/1754164579566_desktop_320x260.jpg"", ""minithumb"": ""https://clbngnjetipglkikondm.supabase.co/storage/v1/object/public/product-images-thumbnails/e9029faf-6c7a-44b9-80f2-e33bbef06948/a8515ff1-f396-4d83-9e3d-0130d561e2b0/1754164579566_minithumb_40x40.jpg""}",0
a8515ff1-f396-4d83-9e3d-0130d561e2b0,https://clbngnjetipglkikondm.supabase.co/storage/v1/object/public/product-images/e9029faf-6c7a-44b9-80f2-e33bbef06948/a8515ff1-f396-4d83-9e3d-0130d561e2b0/1754164579566_th__6_.jpg,,"{""mobile"": ""https://clbngnjetipglkikondm.supabase.co/storage/v1/object/public/product-images-thumbnails/e9029faf-6c7a-44b9-80f2-e33bbef06948/a8515ff1-f396-4d83-9e3d-0130d561e2b0/1754164579566_mobile_190x153.jpg"", ""tablet"": ""https://clbngnjetipglkikondm.supabase.co/storage/v1/object/public/product-images-thumbnails/e9029faf-6c7a-44b9-80f2-e33bbef06948/a8515ff1-f396-4d83-9e3d-0130d561e2b0/1754164579566_tablet_300x230.jpg"", ""desktop"": ""https://clbngnjetipglkikondm.supabase.co/storage/v1/object/public/product-images-thumbnails/e9029faf-6c7a-44b9-80f2-e33bbef06948/a8515ff1-f396-4d83-9e3d-0130d561e2b0/1754164579566_desktop_320x260.jpg"", ""minithumb"": ""https://clbngnjetipglkikondm.supabase.co/storage/v1/object/public/product-images-thumbnails/e9029faf-6c7a-44b9-80f2-e33bbef06948/a8515ff1-f396-4d83-9e3d-0130d561e2b0/1754164579566_minithumb_40x40.jpg""}",0
a8515ff1-f396-4d83-9e3d-0130d561e2b0,https://clbngnjetipglkikondm.supabase.co/storage/v1/object/public/product-images/e9029faf-6c7a-44b9-80f2-e33bbef06948/a8515ff1-f396-4d83-9e3d-0130d561e2b0/1754164579566_sad.jpg,,"{""mobile"": ""https://clbngnjetipglkikondm.supabase.co/storage/v1/object/public/product-images-thumbnails/e9029faf-6c7a-44b9-80f2-e33bbef06948/a8515ff1-f396-4d83-9e3d-0130d561e2b0/1754164579566_mobile_190x153.jpg"", ""tablet"": ""https://clbngnjetipglkikondm.supabase.co/storage/v1/object/public/product-images-thumbnails/e9029faf-6c7a-44b9-80f2-e33bbef06948/a8515ff1-f396-4d83-9e3d-0130d561e2b0/1754164579566_tablet_300x230.jpg"", ""desktop"": ""https://clbngnjetipglkikondm.supabase.co/storage/v1/object/public/product-images-thumbnails/e9029faf-6c7a-44b9-80f2-e33bbef06948/a8515ff1-f396-4d83-9e3d-0130d561e2b0/1754164579566_desktop_320x260.jpg"", ""minithumb"": ""https://clbngnjetipglkikondm.supabase.co/storage/v1/object/public/product-images-thumbnails/e9029faf-6c7a-44b9-80f2-e33bbef06948/a8515ff1-f396-4d83-9e3d-0130d561e2b0/1754164579566_minithumb_40x40.jpg""}",0
b47b98c8-a5f0-4465-b858-fef8e8ebaa09,https://clbngnjetipglkikondm.supabase.co/storage/v1/object/public/product-images/e9029faf-6c7a-44b9-80f2-e33bbef06948/b47b98c8-a5f0-4465-b858-fef8e8ebaa09/1754655202292_1631343355039.jpeg,,"{""mobile"": ""https://clbngnjetipglkikondm.supabase.co/storage/v1/object/public/product-images-thumbnails/e9029faf-6c7a-44b9-80f2-e33bbef06948/b47b98c8-a5f0-4465-b858-fef8e8ebaa09/1754655202290_mobile_190x153.jpg"", ""tablet"": ""https://clbngnjetipglkikondm.supabase.co/storage/v1/object/public/product-images-thumbnails/e9029faf-6c7a-44b9-80f2-e33bbef06948/b47b98c8-a5f0-4465-b858-fef8e8ebaa09/1754655202290_tablet_300x230.jpg"", ""desktop"": ""https://clbngnjetipglkikondm.supabase.co/storage/v1/object/public/product-images-thumbnails/e9029faf-6c7a-44b9-80f2-e33bbef06948/b47b98c8-a5f0-4465-b858-fef8e8ebaa09/1754655202290_desktop_320x260.jpg"", ""minithumb"": ""https://clbngnjetipglkikondm.supabase.co/storage/v1/object/public/product-images-thumbnails/e9029faf-6c7a-44b9-80f2-e33bbef06948/b47b98c8-a5f0-4465-b858-fef8e8ebaa09/1754655202290_minithumb_40x40.jpg""}",0
b47b98c8-a5f0-4465-b858-fef8e8ebaa09,https://clbngnjetipglkikondm.supabase.co/storage/v1/object/public/product-images/e9029faf-6c7a-44b9-80f2-e33bbef06948/b47b98c8-a5f0-4465-b858-fef8e8ebaa09/1754655202290_1631343355039.jpeg,,"{""mobile"": ""https://clbngnjetipglkikondm.supabase.co/storage/v1/object/public/product-images-thumbnails/e9029faf-6c7a-44b9-80f2-e33bbef06948/b47b98c8-a5f0-4465-b858-fef8e8ebaa09/1754655202290_mobile_190x153.jpg"", ""tablet"": ""https://clbngnjetipglkikondm.supabase.co/storage/v1/object/public/product-images-thumbnails/e9029faf-6c7a-44b9-80f2-e33bbef06948/b47b98c8-a5f0-4465-b858-fef8e8ebaa09/1754655202290_tablet_300x230.jpg"", ""desktop"": ""https://clbngnjetipglkikondm.supabase.co/storage/v1/object/public/product-images-thumbnails/e9029faf-6c7a-44b9-80f2-e33bbef06948/b47b98c8-a5f0-4465-b858-fef8e8ebaa09/1754655202290_desktop_320x260.jpg"", ""minithumb"": ""https://clbngnjetipglkikondm.supabase.co/storage/v1/object/public/product-images-thumbnails/e9029faf-6c7a-44b9-80f2-e33bbef06948/b47b98c8-a5f0-4465-b858-fef8e8ebaa09/1754655202290_minithumb_40x40.jpg""}",1
b47b98c8-a5f0-4465-b858-fef8e8ebaa09,https://clbngnjetipglkikondm.supabase.co/storage/v1/object/public/product-images/e9029faf-6c7a-44b9-80f2-e33bbef06948/b47b98c8-a5f0-4465-b858-fef8e8ebaa09/1754655202292_1631343355039.jpeg,,"{""mobile"": ""https://clbngnjetipglkikondm.supabase.co/storage/v1/object/public/product-images-thumbnails/e9029faf-6c7a-44b9-80f2-e33bbef06948/b47b98c8-a5f0-4465-b858-fef8e8ebaa09/1754655202290_mobile_190x153.jpg"", ""tablet"": ""https://clbngnjetipglkikondm.supabase.co/storage/v1/object/public/product-images-thumbnails/e9029faf-6c7a-44b9-80f2-e33bbef06948/b47b98c8-a5f0-4465-b858-fef8e8ebaa09/1754655202290_tablet_300x230.jpg"", ""desktop"": ""https://clbngnjetipglkikondm.supabase.co/storage/v1/object/public/product-images-thumbnails/e9029faf-6c7a-44b9-80f2-e33bbef06948/b47b98c8-a5f0-4465-b858-fef8e8ebaa09/1754655202290_desktop_320x260.jpg"", ""minithumb"": ""https://clbngnjetipglkikondm.supabase.co/storage/v1/object/public/product-images-thumbnails/e9029faf-6c7a-44b9-80f2-e33bbef06948/b47b98c8-a5f0-4465-b858-fef8e8ebaa09/1754655202290_minithumb_40x40.jpg""}",1
b47b98c8-a5f0-4465-b858-fef8e8ebaa09,https://clbngnjetipglkikondm.supabase.co/storage/v1/object/public/product-images/e9029faf-6c7a-44b9-80f2-e33bbef06948/b47b98c8-a5f0-4465-b858-fef8e8ebaa09/1754655202292_1631343355039.jpeg,,"{""mobile"": ""https://clbngnjetipglkikondm.supabase.co/storage/v1/object/public/product-images-thumbnails/e9029faf-6c7a-44b9-80f2-e33bbef06948/b47b98c8-a5f0-4465-b858-fef8e8ebaa09/1754655202290_mobile_190x153.jpg"", ""tablet"": ""https://clbngnjetipglkikondm.supabase.co/storage/v1/object/public/product-images-thumbnails/e9029faf-6c7a-44b9-80f2-e33bbef06948/b47b98c8-a5f0-4465-b858-fef8e8ebaa09/1754655202290_tablet_300x230.jpg"", ""desktop"": ""https://clbngnjetipglkikondm.supabase.co/storage/v1/object/public/product-images-thumbnails/e9029faf-6c7a-44b9-80f2-e33bbef06948/b47b98c8-a5f0-4465-b858-fef8e8ebaa09/1754655202290_desktop_320x260.jpg"", ""minithumb"": ""https://clbngnjetipglkikondm.supabase.co/storage/v1/object/public/product-images-thumbnails/e9029faf-6c7a-44b9-80f2-e33bbef06948/b47b98c8-a5f0-4465-b858-fef8e8ebaa09/1754655202290_minithumb_40x40.jpg""}",0
cc48a69a-a0ab-4f07-af8c-5be8850da863,https://clbngnjetipglkikondm.supabase.co/storage/v1/object/public/product-images/20e7a348-66b6-4824-b059-2c67c5e6a49c/cc48a69a-a0ab-4f07-af8c-5be8850da863/1754006865850_Screenshot_2025-06-04_213428.png,,"{""mobile"": ""https://clbngnjetipglkikondm.supabase.co/storage/v1/object/public/product-images-thumbnails/20e7a348-66b6-4824-b059-2c67c5e6a49c/cc48a69a-a0ab-4f07-af8c-5be8850da863/1754006865850_mobile_190x153.jpg"", ""tablet"": ""https://clbngnjetipglkikondm.supabase.co/storage/v1/object/public/product-images-thumbnails/20e7a348-66b6-4824-b059-2c67c5e6a49c/cc48a69a-a0ab-4f07-af8c-5be8850da863/1754006865850_tablet_300x230.jpg"", ""desktop"": ""https://clbngnjetipglkikondm.supabase.co/storage/v1/object/public/product-images-thumbnails/20e7a348-66b6-4824-b059-2c67c5e6a49c/cc48a69a-a0ab-4f07-af8c-5be8850da863/1754006865850_desktop_320x260.jpg"", ""minithumb"": ""https://clbngnjetipglkikondm.supabase.co/storage/v1/object/public/product-images-thumbnails/20e7a348-66b6-4824-b059-2c67c5e6a49c/cc48a69a-a0ab-4f07-af8c-5be8850da863/1754006865850_minithumb_40x40.jpg""}",0
d7db9395-21ad-40ed-af5d-ce1bbf7d0a3e,https://clbngnjetipglkikondm.supabase.co/storage/v1/object/public/product-images/e9029faf-6c7a-44b9-80f2-e33bbef06948/d7db9395-21ad-40ed-af5d-ce1bbf7d0a3e/1754164420472_th__11_.jpg,,"{""mobile"": ""https://clbngnjetipglkikondm.supabase.co/storage/v1/object/public/product-images-thumbnails/e9029faf-6c7a-44b9-80f2-e33bbef06948/d7db9395-21ad-40ed-af5d-ce1bbf7d0a3e/1754164420472_mobile_190x153.jpg"", ""tablet"": ""https://clbngnjetipglkikondm.supabase.co/storage/v1/object/public/product-images-thumbnails/e9029faf-6c7a-44b9-80f2-e33bbef06948/d7db9395-21ad-40ed-af5d-ce1bbf7d0a3e/1754164420472_tablet_300x230.jpg"", ""desktop"": ""https://clbngnjetipglkikondm.supabase.co/storage/v1/object/public/product-images-thumbnails/e9029faf-6c7a-44b9-80f2-e33bbef06948/d7db9395-21ad-40ed-af5d-ce1bbf7d0a3e/1754164420472_desktop_320x260.jpg"", ""minithumb"": ""https://clbngnjetipglkikondm.supabase.co/storage/v1/object/public/product-images-thumbnails/e9029faf-6c7a-44b9-80f2-e33bbef06948/d7db9395-21ad-40ed-af5d-ce1bbf7d0a3e/1754164420472_minithumb_40x40.jpg""}",0
d7db9395-21ad-40ed-af5d-ce1bbf7d0a3e,https://clbngnjetipglkikondm.supabase.co/storage/v1/object/public/product-images/e9029faf-6c7a-44b9-80f2-e33bbef06948/d7db9395-21ad-40ed-af5d-ce1bbf7d0a3e/1754164420472_th__1_.jpg,,"{""mobile"": ""https://clbngnjetipglkikondm.supabase.co/storage/v1/object/public/product-images-thumbnails/e9029faf-6c7a-44b9-80f2-e33bbef06948/d7db9395-21ad-40ed-af5d-ce1bbf7d0a3e/1754164420472_mobile_190x153.jpg"", ""tablet"": ""https://clbngnjetipglkikondm.supabase.co/storage/v1/object/public/product-images-thumbnails/e9029faf-6c7a-44b9-80f2-e33bbef06948/d7db9395-21ad-40ed-af5d-ce1bbf7d0a3e/1754164420472_tablet_300x230.jpg"", ""desktop"": ""https://clbngnjetipglkikondm.supabase.co/storage/v1/object/public/product-images-thumbnails/e9029faf-6c7a-44b9-80f2-e33bbef06948/d7db9395-21ad-40ed-af5d-ce1bbf7d0a3e/1754164420472_desktop_320x260.jpg"", ""minithumb"": ""https://clbngnjetipglkikondm.supabase.co/storage/v1/object/public/product-images-thumbnails/e9029faf-6c7a-44b9-80f2-e33bbef06948/d7db9395-21ad-40ed-af5d-ce1bbf7d0a3e/1754164420472_minithumb_40x40.jpg""}",0
d7db9395-21ad-40ed-af5d-ce1bbf7d0a3e,https://clbngnjetipglkikondm.supabase.co/storage/v1/object/public/product-images/e9029faf-6c7a-44b9-80f2-e33bbef06948/d7db9395-21ad-40ed-af5d-ce1bbf7d0a3e/1754164420472_th__19_.jpg,,"{""mobile"": ""https://clbngnjetipglkikondm.supabase.co/storage/v1/object/public/product-images-thumbnails/e9029faf-6c7a-44b9-80f2-e33bbef06948/d7db9395-21ad-40ed-af5d-ce1bbf7d0a3e/1754164420472_mobile_190x153.jpg"", ""tablet"": ""https://clbngnjetipglkikondm.supabase.co/storage/v1/object/public/product-images-thumbnails/e9029faf-6c7a-44b9-80f2-e33bbef06948/d7db9395-21ad-40ed-af5d-ce1bbf7d0a3e/1754164420472_tablet_300x230.jpg"", ""desktop"": ""https://clbngnjetipglkikondm.supabase.co/storage/v1/object/public/product-images-thumbnails/e9029faf-6c7a-44b9-80f2-e33bbef06948/d7db9395-21ad-40ed-af5d-ce1bbf7d0a3e/1754164420472_desktop_320x260.jpg"", ""minithumb"": ""https://clbngnjetipglkikondm.supabase.co/storage/v1/object/public/product-images-thumbnails/e9029faf-6c7a-44b9-80f2-e33bbef06948/d7db9395-21ad-40ed-af5d-ce1bbf7d0a3e/1754164420472_minithumb_40x40.jpg""}",0
d7db9395-21ad-40ed-af5d-ce1bbf7d0a3e,https://clbngnjetipglkikondm.supabase.co/storage/v1/object/public/product-images/e9029faf-6c7a-44b9-80f2-e33bbef06948/d7db9395-21ad-40ed-af5d-ce1bbf7d0a3e/1754164420472_sad.jpg,,"{""mobile"": ""https://clbngnjetipglkikondm.supabase.co/storage/v1/object/public/product-images-thumbnails/e9029faf-6c7a-44b9-80f2-e33bbef06948/d7db9395-21ad-40ed-af5d-ce1bbf7d0a3e/1754164420472_mobile_190x153.jpg"", ""tablet"": ""https://clbngnjetipglkikondm.supabase.co/storage/v1/object/public/product-images-thumbnails/e9029faf-6c7a-44b9-80f2-e33bbef06948/d7db9395-21ad-40ed-af5d-ce1bbf7d0a3e/1754164420472_tablet_300x230.jpg"", ""desktop"": ""https://clbngnjetipglkikondm.supabase.co/storage/v1/object/public/product-images-thumbnails/e9029faf-6c7a-44b9-80f2-e33bbef06948/d7db9395-21ad-40ed-af5d-ce1bbf7d0a3e/1754164420472_desktop_320x260.jpg"", ""minithumb"": ""https://clbngnjetipglkikondm.supabase.co/storage/v1/object/public/product-images-thumbnails/e9029faf-6c7a-44b9-80f2-e33bbef06948/d7db9395-21ad-40ed-af5d-ce1bbf7d0a3e/1754164420472_minithumb_40x40.jpg""}",0
e8845516-faa8-4b55-885f-4e1bab648567,https://clbngnjetipglkikondm.supabase.co/storage/v1/object/public/product-images/771c0da4-19f7-4d44-a29d-3f347621b893/e8845516-faa8-4b55-885f-4e1bab648567/1755201985396_IMG.png,,,0
ef7921c6-6246-4bdd-8db8-6dc6eb3cf763,https://clbngnjetipglkikondm.supabase.co/storage/v1/object/public/product-images/e9029faf-6c7a-44b9-80f2-e33bbef06948/ef7921c6-6246-4bdd-8db8-6dc6eb3cf763/1754083244371_th__28_.jpg,,"{""mobile"": ""https://clbngnjetipglkikondm.supabase.co/storage/v1/object/public/product-images-thumbnails/e9029faf-6c7a-44b9-80f2-e33bbef06948/ef7921c6-6246-4bdd-8db8-6dc6eb3cf763/1754083244371_mobile_190x153.jpg"", ""tablet"": ""https://clbngnjetipglkikondm.supabase.co/storage/v1/object/public/product-images-thumbnails/e9029faf-6c7a-44b9-80f2-e33bbef06948/ef7921c6-6246-4bdd-8db8-6dc6eb3cf763/1754083244371_tablet_300x230.jpg"", ""desktop"": ""https://clbngnjetipglkikondm.supabase.co/storage/v1/object/public/product-images-thumbnails/e9029faf-6c7a-44b9-80f2-e33bbef06948/ef7921c6-6246-4bdd-8db8-6dc6eb3cf763/1754083244371_desktop_320x260.jpg"", ""minithumb"": ""https://clbngnjetipglkikondm.supabase.co/storage/v1/object/public/product-images-thumbnails/e9029faf-6c7a-44b9-80f2-e33bbef06948/ef7921c6-6246-4bdd-8db8-6dc6eb3cf763/1754083244371_minithumb_40x40.jpg""}",0